Gene_Name	log2FoldChange	pvalue	padj	Full Name	URL
Xrcc3	-0.289596924926362	6.22029467898022e-07	0.0019190812205802	X-ray repair complementing defective repair in Chinese hamster cells 3(Xrcc3)	https://davidbioinformatics.nih.gov/api.jsp?type=ENTREZ_GENE_ID&ids=74335&tool=geneReport
Wee1	0.1746050297747	2.25643866689626e-06	0.0040773098407519	WEE 1 homolog 1 (S. pombe)(Wee1)	https://davidbioinformatics.nih.gov/api.jsp?type=ENTREZ_GENE_ID&ids=22390&tool=geneReport
Aqr	0.106254629120984	2.0690919811762e-05	0.0119569780375895	aquarius(Aqr)	https://davidbioinformatics.nih.gov/api.jsp?type=ENTREZ_GENE_ID&ids=11834&tool=geneReport
Mapk12	-0.284827314773605	7.07757523953049e-05	0.0189476536010459	mitogen-activated protein kinase 12(Mapk12)	https://davidbioinformatics.nih.gov/api.jsp?type=ENTREZ_GENE_ID&ids=29857&tool=geneReport
Vars2	-0.119052037896686	0.000122064506095	0.0222038891863837	valyl-tRNA synthetase 2, mitochondrial(Vars2)	https://davidbioinformatics.nih.gov/api.jsp?type=ENTREZ_GENE_ID&ids=68915&tool=geneReport
Mov10	-0.225630904680344	0.0001318901449161	0.0229688768629325	Mov10 RISC complex RNA helicase(Mov10)	https://davidbioinformatics.nih.gov/api.jsp?type=ENTREZ_GENE_ID&ids=17454&tool=geneReport
Pkn3	-0.379727759761177	0.0001533036895748	0.0241706536451451	protein kinase N3(Pkn3)	https://davidbioinformatics.nih.gov/api.jsp?type=ENTREZ_GENE_ID&ids=263803&tool=geneReport
Caprin1	0.0927958827666526	0.0003450313866758	0.0378040914366841	cell cycle associated protein 1(Caprin1)	https://davidbioinformatics.nih.gov/api.jsp?type=ENTREZ_GENE_ID&ids=53872&tool=geneReport
Rrm1	0.113985759295545	0.0004019901000589	0.0409330788842589	ribonucleotide reductase M1(Rrm1)	https://davidbioinformatics.nih.gov/api.jsp?type=ENTREZ_GENE_ID&ids=20133&tool=geneReport
Sik1	0.321993195411017	0.0004326781429158	0.0426666193982658	salt inducible kinase 1(Sik1)	https://davidbioinformatics.nih.gov/api.jsp?type=ENTREZ_GENE_ID&ids=17691&tool=geneReport
